Sample Name,File Name,Red,Green,Blue,Hue,Saturation,Value,Predicted Dose (Gy)
1,5kGy_c.png,254.93933154138952,253.60392569049463,253.9074515275377,10.556488172525615,1.3354058508948845,254.93933154138952,5.0
